id,source,source_id,author,year,gender,genre,title,format,catalogue_numbers
29,20100817,1800A029,Maria EDGEWORTH,1800,Female,goth,"CASTLE RACKRENT, AN HIBERNIAN TALE. TAKEN FROM FACTS, AND FROM THE MANNERS OF THE IRISH SQUIRES, BEFORE THE YEAR 1782","1 vol.  (xliv, 182p). 8&deg;",BL 12611.f.4; ECB 178 (3rd edn); EM 58: 1; EN2 1800: 30; ESTC t057317; OCLC 17804611
108,20100817,1801A026,Maria EDGEWORTH,1801,Female,goth,BELINDA. BY MARIA EDGEWORTH. IN THREE VOLUMES,"3 vols (I 8, 370p; II 387p; III 359p). 12&deg;",BL 012611.e.31; ECB 178; EN2 1801: 24; NSTC E229; OCLC 4839110
109,20100817,1801A027,Maria EDGEWORTH,1801,Female,goth,"MORAL TALES FOR YOUNG PEOPLE. BY MARIA EDGEWORTH, AUTHOR OF PRACTICAL EDUCATION, &C","5 vols (I xi, 238p, ill.; II, 197p, ill.; III 192p, ill.; IV 190p; V 190p). 12&deg;",BL Ch.800/132; ECB 178; EN2 1801: 25; NSTC E239; OCLC 8856802
121,20100817,1801A039,Isabella KELLY,1801,Female,goth,"RUTHINGLENNE, OR THE CRITICAL MOMENT. A NOVEL. IN THREE VOLUMES. DEDICATED, BY PERMISSION, TO LADY DALLING. BY ISABELLA KELLY, AUTHOR OF MADELINE, ABBEY OF ST. ASAPH, AVONDALE PRIORY, EVA, &C. &C","3 vols (I xii, 298p; II 284p; III 260p). 12&deg;",Corvey; CME 3-628-47929-0; ECB 317; EN2 1801: 37; NSTC K138; OCLC 6800194
188,20100817,1802A032,Isabella KELLY,1802,Female,goth,"THE BARON'S DAUGHTER: A GOTHIC ROMANCE. BY ISABELLA KELLY, AUTHOR OF MADELINE, ABBEY ST. ASAPH, AVONDALE PRIORY, EVA, RUTHINGLENNE, ETC. IN FOUR VOLUMES","4 vols (I iv, 244p; II 212p; III 176p; IV 182p). 12&deg;",BL 12611.bb.13; ECB 317; EN2 1802: 33; NSTC K134; xOCLC
313,20100817,1804A017,Maria EDGEWORTH,1804,Female,goth,"POPULAR TALES. BY MARIA EDGEWORTH, AUTHOR OF PRACTICAL EDUCATION, BELINDA, CASTLE RACKRENT, IRISH BULLS, &C. &C","3 vols (I iv, 384p; II 367p; III 394p). 12&deg;",Corvey; CME 3-628-47576-7; ECB 178; EN2 1804: 17; NSTC E242; OCLC 11287183
400,20100817,1805A029,Maria EDGEWORTH,1805,Female,goth,"THE MODERN GRISELDA. A TALE. BY MISS EDGEWORTH, AUTHOR OF PRACTICAL EDUCATION, BELINDA, CASTLE RACKRENT, HISTORY OF IRISH BULLS, LETTERS FOR LITERARY LADIES, POPULAR TALES, &C",1 vol.  (170p). 8&deg;,BL 1078.e.34; ECB 178; EN2 1805: 20; NSTC E238; OCLC 621313
470,20100817,1806A023,Charlotte DACRE,1806,Female,goth,"ZOFLOYA; OR, THE MOOR: A ROMANCE OF THE FIFTEENTH CENTURY. IN THREE VOLUMES. BY CHARLOTTE DACRE, BETTER KNOWN AS ROSA MATILDA, AUTHOR OF THE NUN OF ST. OMERS, HOURS OF SOLITUDE, &C",3 vols (I 283p; II 283p; III 236p). 12&deg;,Corvey; CME 3-628-47388-8; ECB 149; EN2 1806: 25; NSTC B6026; OCLC 6720614
473,20100817,1806A026,Maria EDGEWORTH,1806,Female,goth,LEONORA. BY MISS EDGEWORTH. IN TWO VOLUMES,2 vols (I 291p; II 291p). 8&deg;,Corvey; CME 3-628-47571-6; ECB 178; EN2 1806: 29; NSTC E235; OCLC 4321274
678,20100817,1808A090,Eliza RATCLIFFE,1808,Female,goth,"THE MYSTERIOUS BARON, OR THE CASTLE IN THE FOREST, A GOTHIC STORY. BY ELIZA RATCLIFFE",1 vol.  (184p). 12&deg;,Corvey; CME 3-628-48453-7; ECB 480; EN2 1808: 91; xNSTC; OCLC 47936819
720,20100817,1809A021,Maria EDGEWORTH,1809,Female,goth,"TALES OF FASHIONABLE LIFE, BY MISS EDGEWORTH, AUTHOR OF PRACTICAL EDUCATION, BELINDA, CASTLE RACKRENT, ESSAY ON IRISH BULLS, &C. IN THREE VOLUMES","6 vols (I (1809) vii, 400p; II (1809) 338p; III (1809) 369p; IV (1812) iv, 460p; V (1812) 392p; VI (1812) 466p). 12&deg;",BRu ENC; ECB 178; EN2 1809: 22; NSTC E246; OCLC 4890060
1009,20100817,1812A060,Augusta Amelia STUART,1812,Female,goth,"CAVA OF TOLEDO; OR, THE GOTHIC PRINCESS. A ROMANCE. IN FIVE VOLUMES. BY AUGUSTA AMELIA STUART, AUTHOR OF LUDOVICO'S TALE; THE ENGLISH BROTHERS; EXILE OF PORTUGAL, &C. &C","5 vols (I ii, 259p; II 240p; III 252p; IV 224p; V 286p). 12&deg;",Corvey; CME 3-628-48683-1; ECB 567; EN2 1812: 59; xNSTC; xOCLC
1077,20100817,1813A061,Sarah Elizabeth UTTERSON,1813,Female,goth,TALES OF THE DEAD. PRINCIPALLY TRANSLATED FROM THE FRENCH,"1 vol.  (viii, 248p). 8&deg;",BL 12527.d.8; ECB 576; EN2 1813: 60; NSTC U261; OCLC 7089659
1100,20100817,1814A020,Maria EDGEWORTH,1814,Female,goth,"PATRONAGE. BY MARIA EDGEWORTH, AUTHOR OF ""TALES OF FASHIONABLE LIFE,"" ""BELINDA,"" ""LEONORA,"" &C. IN FOUR VOLUMES",4 vols (I 418p; II 431p; III 402p; IV 389p). 12&deg;,BRu ENC; ECB 178; EN2 1814: 20; NSTC E241; OCLC 8398905
1279,20100817,1817A024,Maria EDGEWORTH,1817,Female,goth,"HARRINGTON, A TALE; AND ORMOND, A TALE. IN THREE VOLUMES. BY MARIA EDGEWORTH, AUTHOR OF COMIC DRAMAS, TALES OF FASHIONABLE LIFE, &C. &C","3 vols (I iv, 521p; II 422p; III 352p). 12&deg;",BRu ENC; ECB 178; EN2 1817: 24; NSTC 2E2217; OCLC 621791
1291,20100817,1817A036,Anne KER,1817,Female,goth,"EDRIC, THE FORESTER: OR, THE MYSTERIES OF THE HAUNTED CHAMBER. AN HISTORICAL ROMANCE, IN THREE VOLUMES. BY MRS. ANNE KER, OF HIS GRACE THE DUKE OF ROXBURGH'S FAMILY, AUTHOR OF THE HEIRESS DI MONTALDE&#8212;ADELINE ST. JULIAN&#8212;EMMELINE, OR THE HAPPY DISCOVERY&#8212;MYSTERIOUS COUNT&#8212;AND MODERN FAULTS",3 vols (I 214p; II 216p; III 216p). 12&deg;,Corvey; CME 3-628-47995-9; EN2 1817: 36; xNSTC; xOCLC
1367,20100817,1818A057,Mary Wollstonecraft SHELLEY,1818,Female,goth,"FRANKENSTEIN; OR, THE MODERN PROMETHEUS. IN THREE VOLUMES","3 vols (I xii, 181p; II 156p; III 192p). 12&deg;",Corvey; CME 3-628-47833-2; ECB 216; EN2 1818: 57; NSTC 2S18445; OCLC 2748084
1790,20100817,1824A031,"Claire Louise Rose Bonne, Duchesse de DURAS",1824,Female,goth,"OURIKA, A TALE. BY THE DUCHESS OF DURAS",1 vol.  (136p). 12&deg;,C Rom.1.44<sup>2</sup>; ECB 175; EN2 1824: 31; NSTC 23441; OCLC 14206615
1845,20100817,1824A086,Catharine Maria SEDGWICK,1824,Female,goth,"REDWOOD; A TALE. BY THE AUTHOR OF ""A NEW ENGLAND TALE."" IN THREE VOLUMES","3 vols (I xv, 295p; II 282p; III 297p). 12&deg;",Corvey; CME 3-628-48520-7; ECB 482; EN2 1824: 87; NSTC 2S12240; OCLC 11990954
2015,20100817,1826A066,Ann RADCLIFFE,1826,Female,goth,"GASTON DE BLONDEVILLE, OR THE COURT OF HENRY III. KEEPING FESTIVAL IN ARDENNE, A ROMANCE. ST. ALBAN'S ABBEY, A METRICAL TALE; WITH SOME POETICAL PIECES. BY ANNE RADCLIFFE, AUTHOR OF ""THE MYSTERIES OF UDOLPHO,"" ""ROMANCE OF THE FOREST,"" &C. TO WHICH IS PREFIXED A MEMOIR OF THE AUTHOR, WITH EXTRACTS FROM HER JOURNALS. IN FOUR VOLUMES","4 vols (I 132p, 186p; II 399p; III 375p; IV 331p). 12&deg;",Corvey; CME 3-628-48445-6; ECB 477; EN2 1826: 66; NSTC 2R573; OCLC 2810804
2020,20100817,1826A071,Mary Wollstonecraft SHELLEY,1826,Female,goth,THE LAST MAN. BY THE AUTHOR OF FRANKENSTEIN. IN THREE VOLUMES,"3 vols (I xi, 358p; II 328p; III 352p). 12&deg;",Corvey; CME 3-628-47901-0; ECB 532; EN2 1826: 71; NSTC 2S18448; OCLC 4440727
3003,20111110,1790:61,"[RADCLIFFE, Ann]",1790,Female,goth,A SICILIAN ROMANCE. BY THE AUTHORESS OF THE CASTLES OF ATHLIN AND DUNBAYNE. IN TWO VOLUMES.,,
3004,20111110,1794:47:00,"RADCLIFFE, Ann",1794,Female,goth,"THE MYSTERIES OF UDOLPHO, A ROMANCE; INTERSPERSED WITH SOME PIECES OF POETRY. BY ANN RADCLIFFE, AUTHOR OF THE ROMANCE OF THE FOREST, ETC. IN FOUR VOLUMES",,
3005,20111110,1791:58:00,"[RADCLIFFE, Ann]",1791,Female,goth,"THE ROMANCE OF THE FOREST: INTERSPERSED WITH SOME PIECES OF POETRY. BY THE AUTHORESS OF â€œA SICILIAN ROMANCE,â€ù &C. IN THREE VOLUMES.",,
3008,20111110,1797:70,"RADCLIFFE, Ann",1797,Female,goth,"THE ITALIAN, OR THE CONFESSIONAL OF THE BLACK PENTITENTS. A ROMANCE. BY ANN RADCLIFFE, AUTHOR OF THE MYSTERIES OF UDOLPHO, &C. &C. IN THREE VOLUMES.",,
45,20100817,1800A045,Anne KER,1800,Female,potgoth,"ADELINE ST. JULIAN; OR, THE MIDNIGHT HOUR. A NOVEL. IN TWO VOLUMES. BY MRS. ANNE KER, AUTHOR OF THE HEIRESS DI MONTALDE, &C","2 vols (I 225p, ill.; II 228p). 12&deg;",Corvey; CME 3-628-47994-0; EM 286: 4; EN2 1800: 46; ESTC t070733; OCLC 6853516
57,20100817,1800A057,Eliza PARSONS,1800,Female,potgoth,"THE MISER AND HIS FAMILY. A NOVEL. IN FOUR VOLUMES. BY MRS. PARSONS, AUTHOR OF THE VALLEY OF ST. GOTHARD, MYSTERIOUS WARNINGS, &C",4 vols (I 238p; II 263p; III 288p; IV 326p). 12&deg;,Corvey; CME 3-628-48397-2; EN2 1800: 58; ESTC t173325; OCLC 41886464
62,20100817,1800A062,Regina Maria ROCHE,1800,Female,potgoth,"NOCTURNAL VISIT. A TALE. IN FOUR VOLUMES. BY MARIA REGINA [sic] ROCHE, AUTHOR OF THE CHILDREN OF THE ABBEY, MAID OF THE HAMLET, VICAR OF LANSDOWNE, AND CLERMONT",4 vols ( I 309p; II 290p; III 260p; IV 395p). 12&deg;,Corvey; CME 3-628-48463-4; EN2 1800: 63; ESTC t127131; OCLC 7032030
68,20100817,1800A068,Charlotte SMITH,1800,Female,potgoth,THE LETTERS OF A SOLITARY WANDERER: CONTAINING NARRATIVES OF VARIOUS DESCRIPTION. BY CHARLOTTE SMITH,"5 vols (I (1800) vii, 307p; II (1800) 317p; III (1801) 381p; IV (1802) viii, 276p; V (1802) 306p). 12&deg;",Corvey; CME 3-628-48660-2; ECB 544; EM 989: 14; EN2 1800: 69; ESTC n003685; NSTC S2380; OCLC 7096924
116,20100817,1801A034,Elizabeth HELME,1801,Female,potgoth,"ST. MARGARET'S CAVE: OR, THE NUN'S STORY. AN ANCIENT LEGEND. IN FOUR VOLUMES. BY ELIZABETH HELME, AUTHOR OF ALBERT, FARMER OF INGLEWOOD FOREST, LOUISA, &C. &C","4 vols (I xxviii, 260p; II 294p; III 296p; IV 320p). 12&deg;",Corvey; CME 3-628-47789-1; ECB 263; EN2 1801: 32; NSTC H1231; OCLC 6742922
122,20100817,1801A040,Anne KER,1801,Female,potgoth,"EMMELINE; OR, THE HAPPY DISCOVERY; A NOVEL, IN TWO VOLUMES. BY ANNE KER, AUTHOR OF THE HEIRESS DI MONTALDE, ADELINE ST. JULIAN, &C","2 vols (I viii, 271p; II 280p). 12&deg;",Corvey; CME 3-628-48003-5 ECB 186; EN2 1801: 38; NSTC K380; xOCLC
139,20100817,1801A057,Eliza PARSONS,1801,Female,potgoth,"THE PEASANT OF ARDENNE FOREST: A NOVEL. IN FOUR VOLUMES. BY MRS. PARSONS, AUTHOR OF ANECDOTES OF TWO WELL-KNOWN FAMILIES THE MISER, THE VALLEY OF ST. GOTHARD, AN OLD FRIEND WITH A NEW FACE, WOMAN AS SHE SHOULD BE, MYSTERIOUS WARNING, &C",4 vols (I 276p; II 287p; III 296p; IV 328p). 12&deg;,Corvey; CME 3-628-48401-4; ECB 435; EN2 1801: 55; NSTC P566; OCLC 6968609
155,20100817,1801A073,Mrs R. P. M. YORKE,1801,Female,potgoth,"THE HAUNTED PALACE, OR THE HORRORS OF VENTOLIENE; A ROMANCE, BY MRS. YORKE, AUTHOR OF VALLEY OF COLLARES, ROMANCE OF SMYRNA, &C. &C. &C. IN THREE VOLUMES",3 vols (I 276p; II 268p; III 293p). 12&deg;,Corvey; CME 3-628-48987-3; ECB 652; EN2 1801: 71; NSTC Y116; OCLC 7129787
156,20100817,1801A074,Mrs R. P. M. YORKE,1801,Female,potgoth,"THE ROMANCE OF SMYRNA; OR, THE PREDICTION FULFILLED!!! IN FOUR VOLUMES",4 vols (I 198p; II 231p; III 227p; IV 258p). 12&deg;,Corvey; CME 3-628-48988-1; ECB 652; EN2 1801: 72; xNSTC; OCLC 7129801
174,20100817,1802A018,Helen CRAIK,1802,Female,potgoth,"STELLA OF THE NORTH, OR THE FOUNDLING OF THE SHIP. A NOVEL. IN FOUR VOLUMES. BY THE AUTHOR OF ADELAIDE DE NARBONNE, &C","4 vols (I 295p, ill.; II 309p; III 323p; IV 341p). 12&deg;",Corvey; CME 3-628-48786-2; EN2 1802: 20; xNSTC; xOCLC
201,20100817,1802A045,Anna MILLIKIN,1802,Female,potgoth,"PLANTAGENET: OR, SECRETS OF THE HOUSE OF ANJOU. A TALE OF THE TWELFTH CENTURY. WRITTEN BY ANNA MILLIKIN, AUTHOR OF ""CORFE CASTLE,""&#8212;""EVA,""&#8212;""THE CASKET,"" &C. &C. IN TWO VOLUMES",2 vols (I 224p; II 258p). 8&deg;,Corvey; CME 3-628-48132-5; ECB 454; EN2 1802: 45; NSTC M2411; OCLC 44910095
209,20100817,1802A053,Eliza PARSONS,1802,Female,potgoth,"THE MYSTERIOUS VISIT: A NOVEL, FOUNDED ON FACTS. IN FOUR VOLUMES. BY MRS. PARSONS, AUTHOR OF THE PEASANT OF ARDENNE FOREST, THE VALLEY OF ST. GOTHARD, THE MISER AND HIS FAMILY, &C. &C. &C",4 vols (I 271p; II 259p; III 264p; IV 272p). 12&deg;,Corvey; CME 3-628-48399-9; ECB 435; EN2 1802: 53; NSTC P565; OCLC 6968540
252,20100817,1803A035,Elizabeth HELME,1803,Female,potgoth,"ST. CLAIR OF THE ISLES: OR, THE OUTLAWS OF BARRA, A SCOTTISH TRADITION. BY ELIZABETH HELME. IN FOUR VOLUMES","4 vols (I iv, 264p; II 216p; III 240p; IV 251p). 12&deg;",Corvey; CME 3-628-47757-3; ECB 278; EN2 1803: 34; NSTC H1230; OCLC 6742932
257,20100817,1803A040,Isabella KELLY,1803,Female,potgoth,"A MODERN INCIDENT IN DOMESTIC LIFE. IN TWO VOLUMES. BY ISABELLA KELLY, AUTHOR OF MADELINE, ABBEY ST. ASAPH, AVONDALE PRIORY, EVA, RUTHINGLENNE, BARON'S DAUGHTERS, &C. &C. &C","2 vols (I viii, 240p; II 225p). 12&deg;",Corvey; CME 3-628-47981-9; ECB 317; EN2 1803: 39; NSTC K136; OCLC 6797458
258,20100817,1803A041,Anne KER,1803,Female,potgoth,"THE MYSTERIOUS COUNT; OR, MONTVILLE CASTLE. A ROMANCE, IN TWO VOLUMES. BY ANNE KER","2 vols (I iv, 232p; II 240p). 12&deg;",Corvey; CME 3-628-47997-5; ECB 403; EN2 1803: 40; xNSTC xOCLC
327,20100817,1804A031,Anne KER,1804,Female,potgoth,"MODERN FAULTS, A NOVEL, FOUNDED ON FACTS. BY MRS. KER, AUTHOR OF ""THE HEIRESS DI MONTALDE."" &C. &C. &C. IN TWO VOLUMES","2 vols (I 228p, ill.; II 234p). 12&deg;",Corvey; CME 3-628-48016-7; ECB 320; EN2 1804: 30; xNSTC; xOCLC
337,20100817,1804A041,Elizabeth LEFANU,1804,Female,potgoth,"THE INDIA VOYAGE; BY MRS. H. LEFANU, DAUGHTER OF THE LATE THOMAS SHERIDAN, M.A. IN TWO VOLUMES",2 vols (I 267p; II 298p). 12&deg;,Corvey; CME 3-628-48047-7; ECB 295; EN2 1804: 39; NSTC L1045; OCLC 28469618
340,20100817,1804A044,Isabella LEWIS,1804,Female,potgoth,TERRIFIC TALES. BY ISABELLA LEWIS,1 vol.  (229p). 12&deg;,Corvey; CME 3-628-51086-4; EN2 1804: 43; xNSTC; OCLC 24240452
352,20100817,1804A056,Eliza PARSONS,1804,Female,potgoth,"MURRAY HOUSE. ""A PLAIN UNVARNISHED TALE."" IN THREE VOLUMES. BY MRS. PARSONS, AUTHOR OF ERRORS OF EDUCATION, WOMAN AS SHE SHOULD BE, MYSTERIOUS WARNING, GIRL OF THE MOUNTAIN, THE PEASANT OF ARDENNE FOREST, THE VALLEY OF ST. GOTHARD, THE MISER AND HIS FAMILY, MYSTERIOUS VISIT, &C. &C",3 vols (I 296p; II 264p; III 331p). 12&deg;,Corvey; CME 3-628-48398-0; ECB 378; EN2 1804: 54; NSTC P564; OCLC 47639651
355,20100817,1804A059,Anna Maria PORTER,1804,Female,potgoth,"THE LAKE OF KILLARNEY: A NOVEL, IN THREE VOLUMES. BY ANNA MARIA PORTER, AUTHOR OF OCTAVIA, WALSH COLVILLE, &C. &C","3 vols (I viii, 279p; II 307p; III 354p). 12&deg;",Corvey; CME 3-628-48345-X; EN2 1804: 57; NSTC P2591; OCLC 6977683
406,20100817,1805A035,Elizabeth HELME,1805,Female,potgoth,"THE PILGRIM OF THE CROSS; OR, THE CHRONICLES OF CHRISTABELLE DE MOWBRAY. AN ANCIENT LEGEND. IN FOUR VOLUMES. BY ELIZABETH HELME, AUTHOR OF ST. MARGARET'S CAVE, OR THE NUN'S STORY; LOUISA, OR THE COTTAGE ON THE MOOR; ST. CLAIR OF THE ISLES, &C. &C","4 vols (I xii, 263p; II 254p; III 266p; IV 264p). 12&deg;",Corvey; CME 3-628-47788-3; ECB 263; EN2 1805: 35; NSTC H1229; OCLC 6635057
412,20100817,1805A041,Isabella KELLY,1805,Female,potgoth,"THE SECRET. A NOVEL. IN FOUR VOLUMES. BY ISABELLA KELLY, AUTHOR OF MADELINE, ABBEY ST. ASAPH, AVONDALE PRIORY, EVA, RUTHINGLENNE, BARON'S DAUGHTER, A MODERN INCIDENT IN DOMESTIC LIFE, &C. &C",4 vols (I 264p; II 272p; III 254p; IV 263p). 12&deg;,Corvey; CME 3-628-47925-8; EN2 1805: 41; NSTC K139; OCLC 6635097
445,20100817,1805A074,Mrs R. P. M. YORKE,1805,Female,potgoth,"MY MASTER'S SECRET; OR, THE TROUBLESOME STRANGER. IN TWO VOLUMES",2 vols (I 268p; II 312p). 12&deg;,Corvey; CME 3-628-48173-2; ECB 652; EN2 1805: 73; xNSTC; xOCLC
536,20100817,1807A017,Charlotte DACRE,1807,Female,potgoth,"THE LIBERTINE; BY CHARLOTTE DACRE, BETTER KNOWN AS ROSA MATILDA, AUTHOR OF HOURS OF SOLITUDE, NUN OF ST. OMER'S, ZOFLOYA, &C. IN FOUR VOLUMES",4 vols (I 162p; II 171p). 12&deg;,IU 823.D119l; ECB 149; EN2 1807: 17; xNSTC; OCLC 17342604
568,20100817,1807A049,Eliza PARSONS,1807,Female,potgoth,"THE CONVICT, OR NAVY LIEUTENANT. A NOVEL. BY MRS. PARSONS, AUTHOR OF THE MISER AND HIS FAMILY; MURRAY HOUSE; THE MYSTERIOUS VISIT, &C. &C. &C. FOUR VOLUMES",4 vols (I 259p; II 272p; III 264p; IV 350p). 12&deg;,Corvey; CME 3-628-48425-1; ECB 435; EN2 1807: 50; NSTC P563; OCLC 47639395
572,20100817,1807A053,Regina Maria ROCHE,1807,Female,potgoth,ALVONDOWN VICARAGE. A NOVEL. IN TWO VOLUMES,2 vols (I 279p; II 290p). 12&deg;,Corvey; CME 3-628-47051-X; ECB 14; EN2 1807: 54; NSTC R1414; xOCLC
573,20100817,1807A054,Regina Maria ROCHE,1807,Female,potgoth,"THE DISCARDED SON; OR, HAUNT OF THE BANDITTI. A TALE. IN FIVE VOLUMES. BY REGINA MARIA ROCHE, AUTHOR OF THE CHILDREN OF THE ABBEY, &C",5 vols (I 315p; II 317p; III 320p; IV 264p; V 350p). 12&deg;,Corvey; CME 3-628-48458-8; ECB 498; EN2 1807: 55; NSTC R1415; OCLC 7027021
839,20100817,1810A061,Elizabeth LEFANU,1810,Female,potgoth,"THE SISTER; A TALE, IN TWO VOLUMES. BY MRS. H. LEFANU, DAUGHTER OF THE LATE THOMAS SHERIDAN, M.A",2 vols (I 226p; II 228p). 12&deg;,BL C.190.aa.15; EN2 Update 1; xNSTC; xOCLC
850,20100817,1810A072,Regina Maria ROCHE,1810,Female,potgoth,"THE HOUSES OF OSMA AND ALMERIA; OR, CONVENT OF ST. ILDEFONSO. A TALE. IN THREE VOLUMES. BY REGINA MARIA ROCHE, AUTHOR OF THE CHILDREN OF THE ABBEY, DISCARDED SON, &C",3 vols (I 208p; II 257p; III 270p). 12&deg;,Corvey; CME 3-628-48462-6; ECB 498; EN2 1810: 70; NSTC D147; OCLC 7027234
899,20100817,1811A030,Charlotte DACRE,1811,Female,potgoth,"THE PASSIONS. IN FOUR VOLUMES. BY ROSA MATILDA, AUTHOR OF HOURS OF SOLITUDE; THE NUN; ZOFLOYA; LIBERTINE, &C",4 vols (I 287p; II 292p; III 252p; IV 340p). 12&deg;,Corvey; CME 3-628-47387-X; ECB 149; EN2 1811: 29; NSTC D48; OCLC 6716458
984,20100817,1812A035,Elizabeth HELME,1812,Female,potgoth,"MAGDALEN; OR, THE PENITENT OF GODSTOW. AN HISTORICAL NOVEL. IN THREE VOLUMES. BY ELIZABETH HELME, AUTHOR OF ST. MARGARET'S CAVE, OR THE NUN'S STORY, THE PILGRIM OF THE CROSS, &C. &C",3 vols (I 264p; II 264p; III 260p). 12&deg;,Corvey; CME 3-628-47479-5; ECB 263; EN2 1812: 35; xNSTC; OCLC 6800575
1055,20100817,1813A039,Isabella KELLY,1813,Female,potgoth,"JANE DE DUNSTANVILLE; OR, CHARACTERS AS THEY ARE. A NOVEL. IN FOUR VOLUMES. BY ISABELLA KELLY, AUTHOR OF MADELINE, ABBEY OF ST. ASAPH, AVONDALE PRIORY, JOSCELINA, EVA, RUTHINGLENNE, MODERN INCIDENT, BARON'S DAUGHTER, SECRET, LITERARY INFORMATION, FRENCH GRAMMAR, POEMS, &C. &C","4 vols (I xi, 232p; II 232p; III 220p; IV 220p). 12&deg;",IU 823.K296j; EN2 1813: 38; xNSTC; xOCLC
1068,20100817,1813A052,Regina Maria ROCHE,1813,Female,potgoth,"THE MONASTERY OF ST. COLUMB; OR, THE ATONEMENT. A NOVEL. IN FIVE VOLUMES. BY REGINA MARIA ROCHE, AUTHOR OF THE CHILDREN OF THE ABBEY; HOUSES OF OSMA AND ALMERIA; DISCARDED SON, &C",5 vols (I 273p; II 244p; III 208p; IV 203p; V 215p). 12&deg;,Corvey; CME 3-628-48460-X; ECB 498; EN2 1813: 51; NSTC D1495; OCLC 7031984
1113,20100817,1814A033,Elizabeth HELME,1814,Female,potgoth,"MODERN TIMES; OR, THE AGE WE LIVE IN. A POSTHUMOUS NOVEL. IN THREE VOLUMES. DEDICATED, BY PERMISSION, TO THE RIGHT HONORABLE COUNTESS COWPER. BY ELIZABETH HELME, AUTHOR OF THE FARMER OF INGLEWOOD FOREST, THE PILGRIM OF THE CROSS, THE PENITENT OF GODSTOW, &C. &C",3 vols (I 284p; II 280p; III 303p). 12&deg;,Corvey; CME 3-628-47726-3; EN2 1814: 31; NSTC H1228; xOCLC
1130,20100817,1814A050,Mrs ROCHE,1814,Female,potgoth,"LONDON TALES; OR, REFLECTIVE PORTRAITS","2 vols (I iv, 138p; II 159p). 12&deg;",Corvey; CME 3-628-51094-5; ECB 498; EN2 1814: 48; NSTC D148; xOCLC
1131,20100817,1814A051,Mrs ROCHE,1814,Female,potgoth,"PLAIN TALES. BY MRS. ROCHE, AUTHOR OF ""THE MOOR"", &C. IN TWO VOLUMES","2 vols (I vi, 211p; II, 271p). 12&deg;",BRu ENC; EN2 1814: 49; xNSTC; OCLC 7082478
1132,20100817,1814A052,Regina Maria ROCHE,1814,Female,potgoth,"TRECOTHICK BOWER; OR, THE LADY OF THE WEST COUNTRY. A TALE. IN THREE VOLUMES. BY REGINA MARIA ROCHE, AUTHOR OF THE CHILDREN OF THE ABBEY; DISCARDED SON; HOUSES OF OSMA AND ALMERIA; MONASTERY OF ST. COLUMB; VICAR OF LANSDOWNE, &C. &C",3 vols (I 264p; II 258p; III 263p). 12&deg;,Corvey; CME 3-628-48465-0; ECB 498; EN2 1814: 50; NSTC D151; OCLC 5378271
1183,20100817,1815A040,Mrs ROCHE,1815,Female,potgoth,"ANNA; OR, EDINBURGH. A NOVEL, IN TWO VOLUMES. BY MRS. ROCHE, AUTHOR OF ""LONDON TALES, OR REFLECTIVE PORTRAITS, ""THE MOOR,"" ""PLAIN TALES;"" &C","2 vols (I 15, 215p; II 15, 172p). 12&deg;",Corvey; CME 3-628-48427-8; ECB 498; EN2 1815: 42; xNSTC; xOCLC
1504,20100817,1820A059,Regina Maria ROCHE,1820,Female,potgoth,"THE MUNSTER COTTAGE BOY. A TALE. IN FOUR VOLUMES. BY REGINA MARIA ROCHE, AUTHOR OF THE CHILDREN OF THE ABBEY, TRECOTHICK BOWER, MONASTERY OF ST. COLUMB, &C. &C",4 vols (I 283p; II 327p; III 303p; IV 282p). 12&deg;,Corvey; CME 3-628-48461-8; ECB 498; EN2 1820: 60; NSTC 2D1379; OCLC 7032000
1515,20100817,1820A070,Sarah Scudgell WILKINSON,1820,Female,potgoth,"THE SPECTRE OF LANMERE ABBEY, OR THE MYSTERY OF THE BLUE AND SILVER BAG; A ROMANCE. BY SARAH WILKINSON: AUTHORESS OF THE BANDIT OF FLORENCE, FUGITIVE COUNTESS, WHEEL OF FORTUNE, &C. IN TWO VOLUMES",2 vols (I 212p; II 213p). 12&deg;,BL 12612.bb.28; ECB 638; EN2 1820: 70; NSTC 2W21064; OCLC 7129956
1564,20100817,1821A049,Hannah Maria JONES,1821,Female,potgoth,"GRETNA GREEN; OR, THE ELOPEMENT OF MISS D&#8212;&#8212; WITH A GALLANT SON OF MARS. FOUNDED ON RECENT FACTS","1 vol.  (694p, ill.). 8&deg;",BL 012638.r.28; EN2 1821: 51; NSTC 2J10429; OCLC 46420563
1658,20100817,1822A068,Catharine Maria SEDGWICK,1822,Female,potgoth,"A NEW-ENGLAND TALE. FROM THE SECOND AMERICAN EDITION, REVISED AND CORRECTED BY THE AUTHOR","1 vol.  (xi, 297p). 12&deg;",O Douce.T.158; CME 3-628-48191-0; EN2 1822: 69; NSTC 2S12235; OCLC 8782031
1743,20100817,1823A071,Regina Maria ROCHE,1823,Female,potgoth,"BRIDAL OF DUNAMORE; AND LOST AND WON. TWO TALES. BY REGINA MARIA ROCHE, AUTHOR OF THE CHILDREN OF THE ABBEY, TRECOTHICK BOWER, MAID OF THE HAMLET, MUNSTER COTTAGE BOY, VICAR OF LANSDOWN, HOUSES OF OSMA AND ALMERIA, &C. IN THREE VOLUMES",3 vols (I 306p; II 282p; III 300p). 12&deg;,Corvey; CME 3-628-48428-6; ECB 498; EN2 1823: 72; NSTC 2R14777; OCLC 7026424
1747,20100817,1823A075,Mary Wollstonecraft SHELLEY,1823,Female,potgoth,"VALPERGA: OR, THE LIFE AND ADVENTURES OF CASTRUCCIO, PRINCE OF LUCCA. BY THE AUTHOR OF ""FRANKENSTEIN."" IN THREE VOLUMES","3 vols (I iv, 293p; II 287p; III 269p). 12&deg;",Corvey; CME 3-628-48856-7; ECB 532; EN2 1823: 75; NSTC 2S18457; OCLC 1408209
1815,20100817,1824A056,Hannah Maria JONES,1824,Female,potgoth,"THE FORGED NOTE: OR, JULIAN AND MARIANNE. A MORAL TALE, FOUNDED ON RECENT FACTS. BY MRS. H. M. JONES, AUTHORESS OF GRETNA GREEN,&#8212;WEDDING RING,&#8212;BRITISH OFFICER, &C","1 vol.  (661p, ill.). 8&deg;",BL 1570/1499; EN2 1824: 55; NSTC 2J10424; OCLC 28894352
1816,20100817,1824A057,Hannah Maria JONES,1824,Female,potgoth,"THE GAMBLERS; OR, THE TREACHEROUS FRIEND: A MORAL TALE, FOUNDED ON RECENT FACTS. BY THE AUTHOR OF SEVERAL POPULAR WORKS","1 vol.  (672p, ill.). 8&deg;",BL 012646.bbb.2; EN2 1824: 56; NSTC 2J10425; xOCLC
1817,20100817,1824A058,Hannah Maria JONES,1824,Female,potgoth,"THE WEDDING RING; OR MARRIED AND SINGLE. A DOMESTIC TALE. BY H. M. JONES, AUTHORESS OF GRETNA GREEN, THE BRITISH OFFICER, &C. &C","1 vol.  (718p, ill.). 8&deg;",BL 1560/1181; EN2 1824: 57; NSTC 2J10445; OCLC 2409013
1840,20100817,1824A081,Regina Maria ROCHE,1824,Female,potgoth,"THE TRADITION OF THE CASTLE; OR, SCENES IN THE EMERALD ISLE. IN FOUR VOLUMES. BY REGINA MARIA ROCHE, AUTHOR OF THE CHILDREN OF THE ABBEY, VICAR OF LANSDOWN, MAID OF THE HAMLET, &C",4 vols (I 386p; II 364p; III 342p; IV 322p). 12&deg;,Corvey; CME 3-628-48464-2; ECB 498; EN2 1824: 80; NSTC 2D1381; OCLC 7032047
1929,20100817,1825A071,Regina Maria ROCHE,1825,Female,potgoth,"THE CASTLE CHAPEL. A ROMANTIC TALE. IN THREE VOLUMES. BY REGINA MARIA ROCHE, AUTHOR OF THE CHILDREN OF THE ABBEY; BRIDAL OF DUNAMORE; CLERMONT; DISCARDED SON; HOUSES OF OSMA AND ALMERIA; MUNSTER COTTAGE BOY; TRADITION OF THE CASTLE; TRECOTHICK BOWER; MAID OF THE HAMLET; VICAR OF LANSDOWNE, &C",3 vols (I 292p; II 307p; III 284p). 12&deg;,Corvey; CME 3-628-48429-4; ECB 498; EN2 1825: 71; NSTC 2D1372; OCLC 7026467
1980,20100817,1826A031,"Claire Louise Rose Bonne, Duchesse de DURAS",1826,Female,potgoth,EDWARD. TRANSLATED FROM THE FRENCH OF THE AUTHOR OF OURIKA,1 vol.  (186p). 12&deg;,C Rom.1.44<sup>3</sup>; ECB 180; EN2 1826: 32; NSTC 2D23440; OCLC 18996012
2074,20100817,1827A048,Hannah Maria JONES,1827,Female,potgoth,"THE STRANGERS OF THE GLEN; OR, THE TRAVELLERS BENIGHTED. A TALE OF MYSTERY. BY HANNAH MARIA JONES, AUTHORESS OF THE WEDDING RING, GRETNA GREEN, THE VICTIM OF FASHION, &C. &C","1 vol.  (715p, ill.). 8&deg;",BrU ENC; EN2 1827: 47; NSTC 2J10440; OCLC 22331183
2172,20100817,1828A066,Regina Maria ROCHE,1828,Female,potgoth,"CONTRAST. IN THREE VOLUMES. BY REGINA MARIA ROCHE, AUTHOR OF THE CHILDREN OF THE ABBEY; DISCARDED SON; VICAR OF LANSDOWN; BRIDAL OF DUNAMORE; TRADITION OF THE CASTLE; CASTLE CHAPEL, &C. &C","3 vols (I xxiv, 372p; II 358p; III 326p). 12&deg;",Corvey; CME 3-628-48457-X; ECB 498; EN2 1828: 67; NSTC 2D1378; OCLC 7026880
2177,20100817,1828A071,Catharine Maria SEDGWICK,1828,Female,potgoth,"HOPE LESLIE; OR, EARLY TIMES IN THE MASSACHUSETTS. BY THE AUTHOR OF REDWOOD. IN THREE VOLUMES",3 vols (I 286p; II 292p; III 302p). 12&deg;,Corvey; CME 3-628-47690-9; ECB 281; EN2 1828: 73; NSTC 2L12052; OCLC 12118616
2241,20100817,1829A052,Hannah Maria JONES,1829,Female,potgoth,"EMILY MORELAND; OR, THE MAID OF THE VALLEY. BY HANNAH MARIA JONES, AUTHORESS OF ROSALINE WOODBRIDGE, STRANGERS OF THE GLEN, THE WEDDING RING, GRETNA GREEN, THE VICTIM OF FASHION, &C. &C. &C","1 vol.  (760p, ill.). 8&deg;",BL 12646.i.21; EN2 1829: 50; NSTC 2J10423; OCLC 2864903
214,20100817,1802A058,Eleanor SLEATH,1802,Female,potgoth|north,"WHO'S THE MURDERER? OR THE MYSTERY OF THE FOREST. A NOVEL. IN FOUR VOLUMES. BY ELEANOR SLEATH, AUTHOR OF THE ORPHAN OF THE RHINE, &C","4 vols (I 362p, ill.; II 387p; III 370p; IV 398p). 12&deg;",Corvey; CME 3-628-48757-9; ECB 542; EN2 1802: 58; xNSTC; OCLC 7071407
765,20100817,1809A066,Eleanor SLEATH,1809,Female,potgoth|north,"THE BRISTOL HEIRESS; OR, THE ERRORS OF EDUCATION. A TALE. IN FIVE VOLUMES. BY ELEANOR SLEATH, AUTHOR OF WHO'S THE MURDERER? THE ORPHAN OF THE RHINE, &C",5 vols (I 295p; II 332p; III 339p; IV 336p; V 339p). 12&deg;,Corvey; CME 3-628-48754-4; ECB 542; EN2 1809: 66; xNSTC; OCLC 11484480
856,20100817,1810A078,Eleanor SLEATH,1810,Female,potgoth|north,"THE NOCTURNAL MINSTREL; OR, THE SPIRIT OF THE WOOD. A ROMANCE. IN TWO VOLUMES. BY MRS. SLEATH, AUTHOR OF THE ORPHAN OF THE RHINE, WHO'S THE MURDERER? BRISTOL HEIRESS, &C. &C",2 vols (I 208p; II 191p). 12&deg;,Corvey; CME 3-628-48755-2; ECB 542; EN2 1810: 77; NSTC S2265; xOCLC
942,20100817,1811A073,Eleanor SLEATH,1811,Female,potgoth|north,"PYRENEAN BANDITTI. A ROMANCE. IN THREE VOLUMES. BY ELEANOR SLEATH, AUTHOR OF THE NOCTURNAL MINSTREL, BRISTOL HEIRESS, WHO'S THE MURDERER, &C. &C",3 vols (I 243p; II 243p; III 225p). 12&deg;,Corvey; CME 3-628-48756-0; ECB 476; EN2 1811: 73; xNSTC; xOCLC
240,20100817,1803A023,Sophie Ristaud COTTIN,1803,Female,potgoth|romance,AMELIA MANSFIELD. TRANSLATED FROM THE FRENCH OF MADAME C***. AUTHOR OF MALVINA & CLAIRE D'ALBE,"4 vols (I vi, 272p; II 239p; III 299p; IV 360p). 12&deg;",BL 12611.a.21; EN2 1803: 23; NSTC C3811; OCLC 40278664
241,20100817,1803A024,Sophie Ristaud COTTIN,1803,Female,potgoth|romance,"MALVINA, BY MADAME C****, AUTHORESS OF CLARE D'ALBE, AND AMELIA MANSFIELD. TRANSLATED FROM THE FRENCH, BY MISS GUNNING, IN FOUR VOLUMES",4 vols (I 237p; II 246p; III 236p; IV 261p). 12&deg;,O 249.s.513; ECB 365; EN2 1803: 24; NSTC P2191; OCLC 14225703
269,20100817,1803A052,Christiane Benedicte Eugenie NAUBERT,1803,Female,potgoth|romance,"LINDORF AND CAROLINE; OR, THE DANGER OF CREDULITY. IN THREE VOLS. TRANSLATED FROM THE GERMAN OF PROFESSOR KRAMER, BY MARY JULIA YOUNG, AUTHOR OF ROSE MOUNT CASTLE; THE EAST INDIAN; THE KINSMEN OF NAPLES; POEMS, &C","3 vols (I vi, 221p; II 228p; III 247p). 12&deg;",ViU PZ2.N38Li.1803; ECB 325; EN2 1803: 52; xNSTC; OCLC 6958874
270,20100817,1803A053,Christiane Benedicte Eugenie NAUBERT,1803,Female,potgoth|romance,"WALTER DE MONBARY, GRAND MASTER OF THE KNIGHTS TEMPLARS. AN HISTORICAL ROMANCE. IN FOUR VOLUMES. FROM THE GERMAN OF PROFESSOR KRAMER, AUTHOR OF HERMAN OF UNNA","4 vols (I 288p, ill.; II 272p; III 248p; IV 245p). 12&deg;",Corvey; CME 3-628-48818-4; EN2 1803: 53; NSTC N349; OCLC 24408377
295,20100817,1803A078,Mary Julia YOUNG,1803,Female,potgoth|romance,"MOSS CLIFF ABBEY; OR, THE SEPULCHRAL HARMONIST. A MYSTERIOUS TALE. IN FOUR VOLS. BY MARY-JULIA YOUNG, AUTHOR OF ROSE MOUNT CASTLE; THE EAST INDIAN; THE KINSMEN OF NAPLES; POEMS, &C",4 vols (I 198p; II 215p; III 196p; IV 216p). 12&deg;,Corvey; CME 3-628-48993-8; ECB 654; EN2 1803: 78; xNSTC; xOCLC
393,20100817,1805A022,Sophie Ristaud COTTIN,1805,Female,potgoth|romance,"THE SARACEN, OR MATILDA AND MELEK ADHEL, A CRUSADE-ROMANCE, FROM THE FRENCH OF MADAME COTTIN, WITH AN HISTORICAL INTRODUCTION BY J. MICHAUD, THE FRENCH EDITOR. IN FOUR VOLUMES","4 vols (I lxxiii, 279p; II 296p; III 263p; IV 264p). 12&deg;",Corvey; CME 3-628-47580-5; EN2 1805: 22; xNSTC; xOCLC
446,20100817,1805A075,Mary Julia YOUNG,1805,Female,potgoth|romance,"DONALDA; OR, THE WITCHES OF GLENSHIEL. A CALEDONIAN LEGEND, IN TWO VOLUMES. BY MARY JULIA YOUNG, AUTHOR OF MOSS CLIFF ABBEY; RIGHT AND WRONG; THE EAST INDIAN; ROSE MOUNT CASTLE, &C",2 vols (I 288p; II 315p). 12&deg;,Corvey; CME 3-628-48991-1; ECB 653; EN2 1805: 74; xNSTC; xOCLC
496,20100817,1806A049,Christiane Benedicte Eugenie NAUBERT,1806,Female,potgoth|romance,"FEUDAL TYRANTS; OR, THE COUNTS OF CARLSHEIM AND SARGANS. A ROMANCE. TAKEN FROM THE GERMAN. IN FOUR VOLUMES. BY M. G. LEWIS, AUTHOR OF THE BRAVO OF VENICE, ADELGITHA, RUGANTINO, &C",4 vols (I 310p; II 352p; III 410p; IV 338p). 12&deg;,BL 1156.3.22; ECB 343; EN2 1806: 50; NSTC L1499; OCLC 6883656
534,20100817,1807A015,Sophie Ristaud COTTIN,1807,Female,potgoth|romance,"ELIZABETH; OR, THE EXILES OF SIBERIA. A TALE, FOUNDED ON FACTS. ALTERED FROM THE FRENCH OF MADAME DE COTTIN, BY MRS. MEEKE","1 vol.  (vi, 237p). 12&deg;",CtY Hfd29.602m; EN2 1807: 15; xNSTC; OCLC 44503485
626,20100817,1808A038,Sophie Ristaud COTTIN,1808,Female,potgoth|romance,"CLARA; A NOVEL, IN TWO VOLUMES. BY MADME. COTTIN, AUTHOR OF ELIZABETH, OR THE EXILES OF SIBERIA; THE SARACEN, &C. &C","2 vols (I vii, 194p; II 188p). 12&deg;",BL 12511.e.27; ECB 138; EN2 1808: 39; NSTC C3813; OCLC 24408008
812,20100817,1810A034,Sophie Ristaud COTTIN,1810,Female,potgoth|romance,"CHEVALIER DE VERSENAI, A NOVEL, IN TWO VOLUMES, TRANSLATED FROM THE FRENCH OF MAD. COTTIN, AUTHOR OF ""ELIZABETH, OR, THE EXILES OF SIBERIA,"" &C. &C","2 vols (I xx, 272p; II 293p). 12&deg;",NjP Ex.3243.22.325.5; xNSTC; EN2 1810: 33; OCLC 42079533
2073,20100817,1827A047,Hannah Maria JONES,1827,Female,potgoth|romance,"ROSALINE WOODBRIDGE; OR, THE MIDNIGHT VISIT. A ROMANTIC TALE. BY HANNAH MARIA JONES, AUTHORESS OF THE WEDDING RING, THE VICTIM OF FASHION, THE FORGED NOTE, THE BRITISH OFFICER, &C. &C","1 vol.  (721p, ill.). 8&deg;",Dt OLS.L-2-27; EN2 1827: 46; NSTC 21J10436; OCLC 3160204
336,20100817,1804A040,Sophia LEE,1804,Female,pregoth,THE LIFE OF A LOVER. IN A SERIES OF LETTERS. BY SOPHIA LEE. IN SIX VOLUMES,"6 vols (I xi, 320p; II 336p; III 314p; IV 363p; V 298p; VI 376p). 8&deg;",Corvey; CME 3-628-47973-8; ECB 336; EN2 1804: 38; NSTC L1009; OCLC 6875878
838,20100817,1810A060,Sophia LEE,1810,Female,pregoth,"ORMOND; OR, THE DEBAUCHEE. COMPREHENDING SKETCHES OF REAL CHARACTERS, AND ILLUSTRATIVE OF THE MANNERS AND CUSTOMS OF FASHIONABLE LIFE, AT THE CLOSE OF THE YEAR 1809. IN THREE VOLUMES. BY SOPHIA LEE",3 vols (I 200p; II 212p; III 210p). 12&deg;,ViU PZ2.L44Or.1810; EN2 1810: 59; xNSTC; OCLC 6876032
3002,20111110,1788:72,"SMITH, Charlotte",1788,Female,pregoth,"EMMELINE, THE ORPHAN OF THE CASTLE. BY CHARLOTTE SMITH. IN FOUR VOLUMES",,
3009,20111110,1793:39:00,"SMITH, Charlotte",1793,Female,pregoth,"THE OLD MANOR HOUSE. A NOVEL, IN FOUR VOLUMES. BY CHARLOTTE SMITH.",,
1726,20100817,1823A054,Mary Gogo LEWIS,1823,Female,?|romance|arthur,GWENLLEAN. A TALE. BY MISS M. G. LEWIS. IN THREE VOLUMES,3 vols (I 250p; II 269p; III 251p). 12&deg;,Corvey; CME 3-628-48041-8; ECB 249; EN2 1823: 56; NSTC 2L14111; xOCLC
213,20100817,1802A057,Sarah SHERIFFE,1802,Female,?|romance|goth,"CORRELIA, OR THE MYSTIC TOMB. A ROMANCE. IN FOUR VOLUMES. BY THE AUTHOR OF HUMBERT CASTLE","4 vols (I xii, 324p; II 335p; III 350p; IV 363p). 12&deg;",Corvey; CME 3-628-47366-7; EN2 1802: 57; xNSTC; OCLC 6692005
280,20100817,1803A063,Sarah SHERIFFE,1803,Female,?|romance|goth,THE FOREST OF HOHENELBE. A TALE. IN THREE VOLUMES. BY THE AUTHOR OF HUMBERT CASTLE AND CORRELIA,3 vols (I 367p; II 347p; III 362p). 12&deg;,Corvey; CME 3-628-47800-6; ECB 211; EN2 1803: 64; xNSTC; OCLC 12186211
296,20100817,1803A079,Mary Julia YOUNG,1803,Female,?|romance|goth,"RIGHT AND WRONG; OR, THE KINSMEN OF NAPLES. A ROMANTIC STORY, IN FOUR VOLUMES. BY MARY JULIA YOUNG, AUTHOR OF ROSE MOUNT CASTLE, THE EAST INDIAN, MOSS CLIFF ABBEY, POEMS, &C. &C",4 vols (I 232p; II 228p; III 201p; IV 242p). 12&deg;,Corvey; CME 3-628-48995-4; ECB 654; EN2 1803: 79; NSTC Y236; OCLC 13323844
435,20100817,1805A064,Catherine SELDEN,1805,Female,?|romance|goth,"VILLA NOVA; OR, THE RUINED CASTLE. A ROMANCE. IN TWO VOLUMES. BY CATHERINE SELDEN, AUTHOR OF COUNT DE SANTERRE, THE SAILORS, ENGLISH NUN, &C",2 vols (I 240p; II 194p). 12&deg;,Corvey; CME 3-628-48638-6; ECB 525; EN2 1805: 63; NSTC S1077; OCLC 13347479
24,20100817,1800A024,Helen CRAIK,1800,Female,?|potgoth,"ADELAIDE DE NARBONNE, WITH MEMOIRS OF CHARLOTTE DE CORDET. A TALE. IN FOUR VOLUMES. BY THE AUTHOR OF HENRY OF NORTHUMBERLAND",4 vols (I 286p; II 267p; III 283p; IV 304p). 12&deg;,BL 12612.dd.2; EM 273: 1; EN2 1800: 25; ESTC t066881; OCLC 44524455
25,20100817,1800A025,Helen CRAIK,1800,Female,?|potgoth,"HENRY OF NORTHUMBERLAND, OR THE HERMIT'S CELL. A TALE OF THE FIFTEENTH CENTURY. IN THREE VOLUMES","3 vols (I xii, 233p, ill.; II 247p; III 249p). 12&deg;",Corvey; CME 3-628-47777-8; EN2 1800: 26; ESTC t200843; OCLC 31498366
30,20100817,1800A030,Jane ELSON,1800,Female,?|potgoth,ROMANCE OF THE CASTLE. IN TWO VOLUMES,"2 vols (I ii, 236p, ill.; II 238p). 12&deg;",Corvey; CME 3-628-48470-7; EN2 1800: 31; ESTC t200842; xOCLC
119,20100817,1801A037,Rachel HUNTER,1801,Female,?|potgoth,"LETITIA: OR, THE CASTLE WITHOUT A SPECTRE. BY MRS. HUNTER, OF NORWICH. IN FOUR VOLUMES","4 vols (I xvi, 384p; II 345p; III 342p; IV 360p). 12&deg;",Corvey; CME 3-628-47786-7; ECB 289; EN2 1801: 35; NSTC H3176; OCLC 6820926
183,20100817,1802A027,Jane HARVEY,1802,Female,?|potgoth,MINERVA CASTLE: A TALE,3 vols. 12&deg;,No copy located; ECB 257; EN2 1802: 28; xNSTC; xOCLC
184,20100817,1802A028,Jane HARVEY,1802,Female,?|potgoth,WARKFIELD CASTLE. A TALE. IN THREE VOLUMES. BY JANE HARVEY,3 vols (I 317p; II 322p; III 292p). 12&deg;,Corvey; CME 3-628-47855-3; ECB 257; EN2 1802: 29; xNSTC; OCLC 20086782
276,20100817,1803A059,Jane PORTER,1803,Female,?|potgoth,THADDEUS OF WARSAW. IN FOUR VOLUMES. BY MISS PORTER,"4 vols (I xi, 247p; II 224p; III 236p; IV 238p). 12&deg;",Corvey; CME 3-628-48362-X; ECB 464; EN2 1803: 59; xNSTC; OCLC 6978580
289,20100817,1803A072,Maria VANZEE,1803,Female,?|potgoth,"FATE; OR, SPONG CASTLE. BY MARIA VANZEE","1 vol.  (vi, 231p). 12&deg;",Corvey; CME 3-628-48857-5; ECB 612; EN2 1803: 72; xNSTC; xOCLC
348,20100817,1804A052,Anna MILLIKIN,1804,Female,?|potgoth,"THE RIVAL CHIEFS; OR, BATTLE OF MERE. A TALE OF ANCIENT TIMES. BY ANNA MILLIKIN, AUTHOR OF ""CORFE CASTLE,"" ""PLANTAGENET,"" &C",1 vol.  (215p). 12&deg;,BL 12651.b.25; ECB 495; EN2 1804: 50; NSTC M2412; xOCLC
366,20100817,1804A070,Mary TUCK,1804,Female,?|potgoth,"DURSTON CASTLE; OR, THE GHOST OF ELEONORA. A GOTHIC STORY","1 vol.  (vii, 169p). 12&deg;",Corvey; CME 3-628-47493-0; EN2 1804: 68; xNSTC; xOCLC
394,20100817,1805A023,Helen CRAIK,1805,Female,?|potgoth,"THE NUN AND HER DAUGHTER; OR, MEMOIRS OF THE COURVILLE FAMILY. A NOVEL. IN FOUR VOLUMES",4 vols (I 315p; II 311p; III 316p; IV 348p). 12&deg;,Corvey; CME 3-628-48241-0; ECB 418; EN2 1805: 23; NSTC C3896; OCLC 13315349
395,20100817,1805A024,Charlotte DACRE,1805,Female,?|potgoth,"CONFESSIONS OF THE NUN OF ST. OMER. A TALE, IN THREE VOLUMES. BY ROSA MATILDA",3 vols (I 234p; II 192p; III 192p). 12&deg;,Corvey; CME 3-628-47385-3; EN2 1805: 24; NSTC D45; OCLC 13315349
421,20100817,1805A050,Harriet LEE,1805,Female,?|potgoth,CANTERBURY TALES. VOLUME THE FIFTH. BY HARRIET LEE,1 vol.  (528p). 8&deg;,Corvey; CME 3-628-48017-5; ECB 336; EN2 1805: 49; NSTC L978; xOCLC
433,20100817,1805A062,Anna Maria PORTER,1805,Female,?|potgoth,"A SAILOR'S FRIENDSHIP, AND A SOLDIER'S LOVE. IN TWO VOLUMES","2 vols (I viii, 318p; II 184p). 12&deg;",Corvey; CME 3-628-48592-4; ECB 511; EN2 1805: 61; NSTC P2593; OCLC 6977999
434,20100817,1805A063,Mrs RICE,1805,Female,?|potgoth,"MONTEITH, A NOVEL, FOUNDED ON SCOTTISH HISTORY. BY MRS. RICE, AUTHOR OF ""THE DESERTED WIFE."" IN TWO VOLUMES",2 vols (I 178p; II 186p). 12&deg;,Corvey; CME 3-628-48571-1; ECB 492; EN2 1805: 62; NSTC R820; xOCLC
474,20100817,1806A027,Mrs EDGEWORTH,1806,Female,?|potgoth,"ADELAIDE; OR, THE CHATEAU DE ST. PIERRE. IN FOUR VOLUMES. A TALE OF THE SIXTEENTH CENTURY. BY MRS. EDGEWORTH",4 vols (I 218p; II 227p; III 247p; IV 228p). 12&deg;,BL 12611.bbb.9; ECB 178; EN2 1806: 28; NSTC E222; OCLC 13343186
482,20100817,1806A035,Rachel HUNTER,1806,Female,?|potgoth,"LADY MACLAIRN, THE VICTIM OF VILLANY [sic]. A NOVEL. IN FOUR VOLUMES. BY MRS. HUNTER, OF NORWICH, AUTHOR OF LETITIA; THE UNEXPECTED LEGACY; THE HISTORY OF THE GRUBTHORPE FAMILY; PALMERSTONE'S LETTERS, &C. &C","4 vols (I iv, 316p; II 368p; III 340p; IV 311p). 12&deg;",Corvey; CME 3-628-47802-2; EN2 1806: 36; NSTC H3174; xOCLC
512,20100817,1806A065,"Elizabeth STRUTT [formerly BYRON, Elizabeth]",1806,Female,?|potgoth,"ANTI-DELPHINE: A NOVEL, FOUNDED ON FACTS. BY MRS. BYRON. IN TWO VOLUMES","2 vols (I x, 305p; II 290p). 12&deg;",Corvey; CME 3-628-47154-0; ECB 90; EN2 1806: 21; NSTC S4206; OCLC 21918409
514,20100817,1806A067,Miss TAYLOR,1806,Female,?|potgoth,"THE FATHER AND SON; OR, DE CLAREMONT. A DESULTORY TALE. IN THREE VOLUMES",3 vols (I 232p; II 240p; III 282p). 12&deg;,Corvey; CME 3-628-47502-3; ECB 201; EN2 1806: 65; NSTC T270; xOCLC
518,20100817,1806A071,Sarah Scudgell WILKINSON,1806,Female,?|potgoth,"THE THATCHED COTTAGE; OR, SORROWS OF EUGENIA. A NOVEL. IN TWO VOLUMES. BY SARAH WILKINSON","2 vols (I vii, 272p; II 265p). 12&deg;",Corvey; CME 3-628-48926-1; ECB 638; EN2 1806: 69; xNSTC; xOCLC
570,20100817,1807A051,Anna Maria PORTER,1807,Female,?|potgoth,THE HUNGARIAN BROTHERS. BY MISS ANNA MARIA PORTER. IN THREE VOLS,"3 vols (I vii, 234p; II 274p; III 278p). 12&deg;",BL N.2499; ECB 463; EN2 1807: 52; NSTC P2590; OCLC 6977684
571,20100817,1807A052,Sophia REEVE,1807,Female,?|potgoth,"THE MYSTERIOUS WANDERER. A NOVEL: IN THREE VOLUMES. DEDICATED, BY PERMISSION, TO THE RIGHT HON. LADY ELIZABETH SPENCER. BY SOPHIA REEVE","3 vols (I ix, 252p; II 248p; III 246p). 12&deg;",MH-H *EC8.R2592.807m; ECB 483; EN2 1807: 53; xNSTC; OCLC 7025944
588,20100817,1807A069,Mary Julia YOUNG,1807,Female,?|potgoth,"A SUMMER AT BRIGHTON. A MODERN NOVEL, IN THREE VOLUMES",3 vols (I 256p; II 257p; III 246p). 12&deg;,BL 12611.bbb.6; ECB 569; EN2 1807: 69; NSTC Y231; xOCLC
630,20100817,1808A042,Mrs EDGEWORTH,1808,Female,?|potgoth,"THE MATCH GIRL. A NOVEL, IN THREE VOLUMES. BY MRS. EDGEWORTH",3 vols (I 241p; II 215p; III 188p). 12&deg;,BL 1509/4148; EN2 1808: 43; NSTC E223.5; OCLC 13343283
698,20100817,1808A110,Sarah Scudgell WILKINSON,1808,Female,?|potgoth,"THE CHILD OF MYSTERY, A NOVEL, IN THREE VOLUMES, FOUNDED ON RECENT EVENTS. BY SARAH WILKINSON",3 vols (I 228p; II 229p; III 217p). 12&deg;,BL 1486.de.37; EN2 1808: 110; NSTC W1941; xOCLC
699,20100817,1808A111,Mary Julia YOUNG,1808,Female,?|potgoth,"A SUMMER AT WEYMOUTH; OR, THE STAR OF FASHION. A NOVEL, IN THREE VOLUMES. BY THE AUTHOR OF A SUMMER AT BRIGHTON, &C. &C",3 vols (I 264p; II 252p; III 250p). 12&deg;,Corvey; CME 3-628-48732-3; ECB 569; EN2 1808: 111; xNSTC; xOCLC
757,20100817,1809A058,Mary PILKINGTON,1809,Female,?|potgoth,"SINCLAIR; OR, THE MYSTERIOUS ORPHAN. A NOVEL. IN FOUR VOLUMES. BY MRS. PILKINGTON, AUTHOR OF CRIMES AND CHARACTERS, PARENTAL DUPLICITY, &C",4 vols (I 274p; II 233p; III 254p; IV 261p). 12&deg;,Corvey; CME 3-628-48471-5; ECB 450; EN2 1809: 59; xNSTC; xOCLC
819,20100817,1810A041,Lady DUNN,1810,Female,?|potgoth,"THE BENEVOLENT RECLUSE; A NOVEL, IN TWO VOLUMES. BY LADY &#8211;&#8211;","2 vols (I vi, 252p; II 320p). 12&deg;",CtY-BR In.B435.810; EN2 1810: 40; xNSTC; xOCLC
826,20100817,1810A048,"Elizabeth GUNNING [afterwards PLUNKETT, Elizabeth]",1810,Female,?|potgoth,"DANGERS THROUGH LIFE: OR, THE VICTIM OF SEDUCTION. A NOVEL. IN THREE VOLUMES. BY MRS. PLUNKETT, (LATE MISS GUNNING,) AUTHOR OF THE PACKET, ORPHANS OF SNOWDON, &C. &C","3 vols (I xxiv, 232p; II 231p; III 304p). 12&deg;",Corvey; CME 3-628-48478-2; EN2 1810: 67; NSTC G2392; xOCLC
857,20100817,1810A079,Julia SMITH,1810,Female,?|potgoth,"THE PRISON OF MONTAUBAN; OR, TIMES OF TERROR. A REFLECTIVE TALE. BY THE EDITOR OF LETTERS OF THE SWEDISH COURT","1 vol.  (xi, 254p). 12&deg;",O 256.f.3043; CME 3-628-48482-0; ECB 471; EN2 1810: 78; NSTC S2536; xOCLC
862,20100817,1810A084,Augusta Amelia STUART,1810,Female,?|potgoth,"THE EXILE OF PORTUGAL: A TALE OF THE PRESENT TIME, IN TWO VOLUMES, BY AUGUSTA AMELIA STUART, AUTHOR OF LUDOVICO'S TALE &C","2 vols (I v, 198p; II 191p). 12&deg;",Corvey; CME 3-628-48684-X; ECB 567; EN2 1810: 82; xNSTC; xOCLC
869,20100817,1810A091,Mary Julia YOUNG,1810,Female,?|potgoth,"THE HEIR OF DRUMCONDRA; OR, FAMILY PRIDE. IN THREE VOLUMES. BY MARY JULIA YOUNG, AUTHOR OF THE SUMMER AT WEYMOUTH, THE SUMMER AT BRIGHTON, DONALDA, ROSEMOUNT CASTLE, EAST INDIAN, &C. &C",3 vols (I 224p; II 217p; III 255p). 12&deg;,Corvey; CME 3-628-48992-X; ECB 653; EN2 1810: 89; NSTC Y237; xOCLC
940,20100817,1811A071,Mrs S&#8211;&#8211;&#8211;,1811,Female,?|potgoth,"GOTHA: OR, MEMOIRS OF THE WURTZBURG FAMILY. FOUNDED ON FACTS. IN TWO VOLUMES. BY MRS. S&#8211;&#8211;",2 vols (I 309p; II 279p). 12&deg;,Corvey; CME 3-628-47795-6; ECB 237; EN2 1811: 71; xNSTC; xOCLC
1011,20100817,1812A062,Elizabeth THOMAS,1812,Female,?|potgoth,"THE VINDICTIVE SPIRIT. A NOVEL. IN FOUR VOLUMES. BY MRS. BRIDGET BLUEMANTLE, AUTHOR OF HUSBAND AND WIFE; MONTE VIDEO; MORTIMER HALL; THREE OLD MAIDS, &C. &C",4 vols (I 233p; II 227p; III 200p; IV 215p). 12&deg;,Corvey; CME 3-628-47156-7; ECB 63; EN2 1812: 61; xNSTC; xOCLC
1013,20100817,1812A064,Miss WATSON,1812,Female,?|potgoth,"ROSAMUND, COUNTESS OF CLARENSTEIN. IN THREE VOLUMES","3 vols (I viii, 324p; II 344p; III 288p). 12&deg;",MH-H *EC8.W3310.812r; EN2 1812: 63; xNSTC; OCLC 7121862
1072,20100817,1813A056,Julia SMITH,1813,Female,?|potgoth,THE OLD SCHOOL. IN TWO VOLUMES,"2 vols (I viii, 300p; II vi, 272p). 12&deg;",BL 12614.g.24; ECB 422; EN2 1813: 55; NSTC S2535; OCLC 13357564
1074,20100817,1813A058,Anne Louise Germaine de STA&#203;L-HOLSTEIN,1813,Female,?|potgoth,"ZULMA, AND OTHER TALES: TO WHICH IS PREFIXED AN ESSAY ON FICTIONS. BY THE BARONESS DE STAEL HOLSTEIN. TRANSLATED FROM THE FRENCH. IN TWO VOLUMES",2 vols (I 187p; II 201p). 12&deg;,BL 12510.e.15; ECB 557; EN2 1813: 57; NSTC S3443; OCLC 10739507
1082,20100817,1814A002,Lucy AIKIN,1814,Female,?|potgoth,LORIMER. A TALE,1 vol.  (230p). 12&deg;,BL N.2495; ECB 353; EN2 1814: 10; NSTC A691; OCLC 20186820
1108,20100817,1814A028,Mary Ann HANWAY,1814,Female,?|potgoth,"CHRISTABELLE, THE MAID OF ROUEN. A NOVEL, FOUNDED ON FACTS. BY MRS. HANWAY, AUTHOR OF ""ELLINOR,"" ""ANDREW STUART,"" AND ""FALCONBRIDGE ABBEY."" IN FOUR VOLUMES","4 vols (I xiii, 335p; II 351p; III 320p; IV 322p). 12&deg;",Corvey; CME 3-628-47600-3; ECB 254; EN2 1814: 26; NSTC H476; OCLC 6778852
1124,20100817,1814A044,Adelaide O'KEEFFE,1814,Female,?|potgoth,"ZENOBIA, QUEEN OF PALMYRA; A NARRATIVE, FOUNDED ON HISTORY. IN TWO VOLUMES. BY THE AUTHOR OF PATRIARCHAL TIMES","2 vols (I viii, 347p; II viii, 310p). 12&deg;",Corvey; CME 3-628-48247-X; ECB 421; EN2 1814: 43; NSTC Z39; OCLC 14404958
1127,20100817,1814A047,Elizabeth PINCHARD,1814,Female,?|potgoth,MYSTERY AND CONFIDENCE: A TALE. BY A LADY. IN THREE VOLUMES,3 vols (I 230p; II 222p; III 199p). 12&deg;,Corvey; CME 3-628-48183-X; ECB 403; EN2 1814: 45; NSTC P1795; OCLC 41891926
1128,20100817,1814A048,Anna Maria PORTER,1814,Female,?|potgoth,THE RECLUSE OF NORWAY. BY MISS ANNA MARIA PORTER. IN FOUR VOLUMES,"4 vols (I viii, 247p; II 317p; III 300p; IV 333p). 12&deg;",Corvey; CME 3-628-48302-6; ECB 464; EN2 1814: 46; NSTC P2592; OCLC 6972377
1181,20100817,1815A038,Elizabeth PINCHARD,1815,Female,?|potgoth,"THE WARD OF DELAMERE, A TALE. IN THREE VOLUMES. BY MRS. PINCHARD, AUTHOR OF ""MYSTERY AND CONFIDENCE, THE BLIND CHILD, &C."" INSCRIBED, BY PERMISSION, TO MRS. G. A. ROBINSON",3 vols (I 308p; II 324p; III 328p). 12&deg;,Corvey; CME 3-628-48472-3; ECB 451; EN2 1815: 40; NSTC P1796; OCLC 10476883
1216,20100817,1816A020,Sarah Harriet BURNEY,1816,Female,?|potgoth,"TALES OF FANCY: BY S. H. BURNEY, AUTHOR OF 'CLARENTINE,' 'GERALDINE FAUCONBERG,' AND 'TRAITS OF NATURE.'","3 vols (I (1816) viii, 400p; II (1820) 432p; III (1820) 470p). 12&deg;",MH-H 18477.42.2; ECB 87; EN2 1816: 20; NSTC 2B60607; OCLC 11715314
1231,20100817,1816A035,Mrs J. JENNER,1816,Female,?|potgoth,"MELMOTH HOUSE: A NOVEL. IN THREE VOLUMES, BY MRS. J. JENNER","3 vols (I iv, 250p; II 265p; III 270p). 12&deg;",Corvey; CME 3-628-47988-6; EN2 1816: 36; NSTC 2J4726; OCLC 13406941
1238,20100817,1816A042,Alicia LEFANU,1816,Female,?|potgoth,"STRATHALLAN. BY ALICIA LEFANU, GRAND-DAUGHTER TO THE LATE THOMAS SHERIDAN, M.A. IN FOUR VOLUMES","4 vols (I iv, 536p; II 363p; III 344p; IV 305p). 12&deg;",Corvey; CME 3-628-47978-9; ECB 336; EN2 1816: 43; NSTC 2L9899; OCLC 6876604
1255,20100817,1816A059,Sophia F. ZIEGENHIRT,1816,Female,?|potgoth,"THE ORPHAN OF TINTERN ABBEY. A NOVEL. IN THREE VOLUMES. BY SOPHIA F. ZIEGENHIRT, AUTHOR OF SEABROOK VILLAGE, AND SEVERAL HISTORICAL ABRIDGEMENTS",3 vols (I 220p; II 253p; III 258p). 12&deg;,Corvey; CME 3-628-49000-6; ECB 655; EN2 1816: 59; NSTC 2Z321; xOCLC
1280,20100817,1817A025,Alicia Margaret ENNIS,1817,Female,?|potgoth,MEMOIRS OF THE MONTAGUE FAMILY. IN THREE VOLUMES,"3 vols (I vii, 506p; II 509p; III 499p). 12&deg;",Corvey; CME 3-628-48065-5; EN2 1817: 25; NSTC 2M33576; OCLC 7819094
1344,20100817,1818A034,Anne Julia Kemble HATTON,1818,Female,?|potgoth,"SECRETS IN EVERY MANSION; OR THE SURGEON'S MEMORANDUM-BOOK. A SCOTTISH RECORD. IN FIVE VOLUMES. BY ANNE OF SWANSEA, AUTHOR OF CAMBRIAN PICTURES, SICILIAN MYSTERIES, CONVICTION, SECRET AVENGERS, CHRONICLES OF AN ILLUSTRIOUS HOUSE, GONZALO DE BALDIVIA, &C","5 vols (I xv, 310p; II 356p; III 370p; IV 390p; V 344p). 12&deg;",Corvey; CME 3-628-48806-0; ECB 20; EN2 1818: 34; NSTC 2A13195; xOCLC
1345,20100817,1818A035,"Miss C. D. HAYNES [afterwards GOLLAND, Mrs C. D.]",1818,Female,?|potgoth,"THE FOUNDLING OF DEVONSHIRE; OR, ""WHO IS SHE?"" A NOVEL. IN FIVE VOLUMES. BY MISS C. D. HAYNES, AUTHOR OF CASTLE LE BLANC, &C. &C","5 vols (I viii, 240p; II 266p; III 259p; IV 260p; V 270p). 12&deg;",Corvey; CME 3-628-47717-4; ECB 260; EN2 1818: 35; NSTC 2H14181; xOCLC
1362,20100817,1818A052,Anna Maria PORTER,1818,Female,?|potgoth,"THE FAST OF ST. MAGDALEN, A ROMANCE. BY ANNA MARIA PORTER. IN THREE VOLUMES",3 vols (I 347p; II 317p; III 346p). 12&deg;,BL 12612.ee.15; ECB 463; EN2 1818: 52; NSTC 2P22246; OCLC 3596752
1411,20100817,1819A039,Jane HARVEY,1819,Female,?|potgoth,"ANY THING BUT WHAT YOU EXPECT. BY JANE HARVEY, AUTHOR OF MONTEITH&#8212;ETHELIA&#8212;MEMOIRS OF AN AUTHOR&#8212;RECORDS OF A NOBLE FAMILY, ETC. ETC. ETC. IN THREE VOLUMES",3 vols (I 334p; II 315p; III 311p). 12&deg;,Corvey; CME 3-628-47632-1; ECB 257; EN2 1819: 39; xNSTC; xOCLC
1441,20100817,1819A069,Zara WENTWORTH,1819,Female,?|potgoth,THE RECLUSE OF ALBYN HALL. A NOVEL. IN THREE VOLUMES. BY ZARA WENTWORTH,3 vols (I 242p; II 258p; III 264p). 12&deg;,Corvey; CME 3-628-48891-5; ECB 630; EN2 1819: 69; NSTC 2W12930; OCLC 49448895
1443,20100817,1819A071,Sarah Scudgell WILKINSON,1819,Female,?|potgoth,"NEW TALES BY MRS. WILKINSON, IN THREE VOLUMES",3 vols (I 300p; II 286p; III 231p). 12&deg;,Corvey; CME 3-628-48925-3; ECB 637; EN2 1819: 71; xNSTC; OCLC 48886721
1489,20100817,1820A044,Elizabeth B. LESTER,1820,Female,?|potgoth,"TALES OF THE IMAGINATION. BY THE AUTHOR OF THE BACHELOR AND THE MARRIED MAN, THE PHYSIOGNOMIST, AND HESITATION. IN THREE VOLUMES",3 vols (I 227p; II 261p; III 252p). 12&deg;,Corvey; CME 3-628-48863-X; ECB 576; EN2 1820: 45; NSTC 2R17994; OCLC 22342173
1576,20100817,1821A061,Anna Maria PORTER,1821,Female,?|potgoth,"THE VILLAGE OF MARIENDORPT. A TALE. BY MISS ANNA MARIA PORTER, AUTHOR OF THE FAST OF ST. MAGDALEN, KNIGHT OF ST. JOHN, &C. &C. &C. IN FOUR VOLUMES","4 vols (I vi, 303p; II 336p; III 313p; IV 455p). 12&deg;",Corvey; CME 3-628-48305-0; ECB 464; EN2 1821: 62; NSTC 2P22260; OCLC 6972448
1641,20100817,1822A051,Mary Ann KELTY,1822,Female,?|potgoth,"OSMOND, A TALE. BY THE AUTHOR OF ""THE FAVOURITE OF NATURE:"" IN THREE VOLUMES","3 vols (I iv, 312p; II 327p; III 396p). 12&deg;",BL N.118; ECB 318; EN2 1822: 51; NSTC 2K2406; OCLC 12862142
1710,20100817,1823A038,Jane HARVEY,1823,Female,?|potgoth,"MOUNTALYTH, A TALE. IN THREE VOLUMES. BY JANE HARVEY, AUTHOR OF ""SINGULARITY,"" &C",3 vols (I 234p; II 243p; III 240p). 12&deg;,Corvey; CME 3-628-47633-X; ECB 257; EN2 1823: 41; NSTC 2H11039; xOCLC
1838,20100817,1824A079,Sophia REEVE,1824,Female,?|potgoth,"STANMORE; OR, THE MONK, AND THE MERCHANT'S WIDOW. BY SOPHIA REEVE. IN THREE VOLUMES",3 vols (I 278p; II 258p; III 271p). 12&deg;,Corvey; CME 3-628-48522-3; ECB 483; EN2 1824: 78; NSTC 2R5346; xOCLC
1883,20100817,1825A025,Mary Diana DODS,1825,Female,?|potgoth,TALES OF THE WILD AND THE WONDERFUL,"1 vol.  (x, 356p). 8&deg;",Corvey; CME 3-628-51167-4; ECB 576; EN2 1825: 15; NSTC 2B41787; OCLC 6167231
2012,20100817,1826A063,Anna Maria PORTER,1826,Female,?|potgoth,"HONOR O'HARA. A NOVEL, IN THREE VOLUMES. BY MISS A. M. PORTER, AUTHOR OF ""THE HUNGARIAN BROTHERS,"" ""THE RECLUSE OF NORWAY,"" &C. &C. &C","3 vols (I vii, 400p; II 453p; III 536p). 12&deg;",Corvey; CME 3-628-48299-2; ECB 463; EN2 1826: 63; NSTC 2P22249; OCLC 6989179
2013,20100817,1826A064,Anna Maria PORTER,1826,Female,?|potgoth,TALES ROUND A WINTER HEARTH. BY JANE AND ANNA MARIA PORTER. IN TWO VOLUMES,"2 vols (I vi, 343p; II 458p). 12&deg;",Corvey; CME 3-628-54704-0; ECB 464; EN2 1826: 64; NSTC 2P22429; OCLC 3832883
2136,20100817,1828A030,Marion CORBETT,1828,Female,?|potgoth,"TALES AND LEGENDS. BY THE AUTHORS OF ""THE ODD VOLUME,"" &C. IN THREE VOLUMES",3 vols (I 352p; II 358p; III 404p). 8&deg;,Corvey; CME 3-628-51146-1; ECB 575; EN2 1828: 31; NSTC 2C37699; OCLC 38701708
2169,20100817,1828A063,Anna Maria PORTER,1828,Female,?|potgoth,COMING OUT; AND THE FIELD OF THE FORTY FOOTSTEPS. BY JANE AND ANNA MARIA PORTER. IN THREE VOLUMES,"3 vols (I ix, 508p; II 575p; III 680p). 12&deg;",Corvey; CME 3-628-48357-3; ECB 464; EN2 1828: 64; NSTC 2P22243; OCLC 5715840
2171,20100817,1828A065,Sophia REEVE,1828,Female,?|potgoth,CUTHBERT. A NOVEL. IN THREE VOLUMES,3 vols (I 264p; II 254p; III 286p). 12&deg;,Corvey; CME 3-628-47365-9; ECB 149; EN2 1828: 66; NSTC 2R5344; xOCLC
2246,20100817,1829A057,Jane C. LOUDON,1829,Female,?|potgoth,STORIES OF A BRIDE; BY THE AUTHOR OF THE MUMMY. IN THREE VOLUMES,3 vols (I 307p; II 323p; III 296p). 12&deg;,Corvey; CME 3-628-48625-4; ECB 564; EN2 1829: 56; NSTC 2S42434; OCLC 13137826
2795,20110421,1835:103,"[SULLIVAN, Arabella Jane]; DACRE, Lady [Barbarina] (editor)",1835,Female,?|potgoth,TALES OF THE PEERAGE AND PEASANTRY. EDITED BY LADY DACRE. IN THREE VOLUMES.,,
2834,20110421,1836:030,"[GORE, Catherine Grace Frances]",1836,Female,?|potgoth,"MRS. ARMYTAGE; OR, FEMALE DOMINATION. BY THE AUTHORESS OF ""MOTHERS AND DAUGHTERS.â€ù  IN THREE VOLUMES.",,
587,20100817,1807A068,Sarah Scudgell WILKINSON,1807,Female,?|potgoth|romance,"THE FUGITIVE COUNTESS; OR, CONVENT OF ST. URSULA. A ROMANCE. IN FOUR VOLUMES. BY SARAH WILKINSON","4 vols (I ii, 213p; II 212p; III 233p; IV 184p). 12&deg;",Corvey; CME 3-628-48924-5; ECB 638; EN2 1807: 68; NSTC W1943; OCLC 48850769
687,20100817,1808A099,Helen ST VICTOR,1808,Female,?|potgoth|romance,"THE RUINS OF RIGONDA; OR, THE HOMICIDIAL [sic] FATHER. A ROMANCE, IN THREE VOLUMES. BY HELEN ST. VICTOR",3 vols (I 198p; II 189p; III 170p). 12&deg;,Corvey; CME 3-628-48504-5; ECB 506; EN2 1808: 95; NSTC S232; OCLC 48012978
758,20100817,1809A059,Anna Maria PORTER,1809,Female,?|potgoth|romance,"DON SEBASTIAN; OR, THE HOUSE OF BRAGANZA. AN HISTORICAL ROMANCE. IN FOUR VOLUMES. BY MISS ANNA MARIA PORTER. AUTHOR OF THE HUNGARIAN BROTHERS","4 vols (I xvi, 278p; II 314p; III 303p; IV 320p). 12&deg;",Corvey; CME 3-628-48516-9; ECB 463; EN2 1809: 60; NSTC P2589; OCLC 14032243
760,20100817,1809A061,Mary Anne RADCLIFFE,1809,Female,?|potgoth|romance,"MANFRON&#201;; OR, THE ONE-HANDED MONK. A ROMANCE, IN FOUR VOLUMES. BY MARY ANNE RADCLIFFE",4 vols (I 224p; II 228p; III 230p; IV 222p). 12&deg;,ViU PZ2.R335M.1809; EN2 1809: 61; xNSTC; OCLC 7010453
766,20100817,1809A067,Catherine SMITH,1809,Female,?|potgoth|romance,"THE CASTLE OF ARRAGON; OR THE BANDITTI OF THE FOREST. A ROMANCE, IN FOUR VOLUMES. BY MISS SMITH",4 vols (I (1809) 236p; II (1810) 264p; III (1810) 195p; IV (1810) 167p). 12&deg;,Corvey; CME 3-628-48760-9; EN2 1809: 67; xNSTC; OCLC 7087872
835,20100817,1810A057,Mary HOUGHTON,1810,Female,?|potgoth|romance,THE MYSTERIES OF THE FOREST: A NOVEL. BY MISS MARY HOUGHTON,3 vols. 12&deg;,No copy of 1st edn located; ECB 284; EN2 1810: 56; xNSTC; xOCLC
868,20100817,1810A090,Sarah Scudgell WILKINSON,1810,Female,?|potgoth|romance,"CONVENT OF GREY PENITENTS; OR, THE APOSTATE NUN. A ROMANCE, IN TWO VOLUMES. BY MISS WILKINSON",2 vols (I 198p; II 191p). 12&deg;,Corvey; CME 3-628-48923-7; ECB 638; EN2 1810: 88; NSTC W1942; xOCLC
909,20100817,1811A040,Laetitia-Matilda HAWKINS,1811,Female,?|potgoth|romance,"THE COUNTESS AND GERTRUDE; OR, MODES OF DISCIPLINE. BY LAETITIA-MATILDA HAWKINS. IN FOUR VOLUMES","4 vols (I xxxi, 383p; II 415p; III 408p; IV 425p). 8&deg;",BL 12643.ppp.32; ECB 259; EN2 1811: 40; NSTC H990; OCLC 12620373
943,20100817,1811A074,Catherine SMITH,1811,Female,?|potgoth|romance,"THE CALEDONIAN BANDIT; OR, THE HEIR OF DUNCAETHAL. A ROMANCE OF THE THIRTEENTH CENTURY. IN TWO VOLUMES. BY MRS. SMITH, OF THE THEATRE-ROYAL, HAYMARKET","2 vols (I ii, 242p; II 233p). 12&deg;",Corvey; CME 3-628-48759-5; ECB 544; EN2 1811: 74; xNSTC; OCLC 7087836
1002,20100817,1812A053,Mary Anne RADCLIFFE,1812,Female,?|potgoth|romance,"IDA OF AUSTRIA; OR THE KNIGHTS OF THE HOLY CROSS. A ROMANCE, IN THREE VOLUMES, BY THE AUTHOR OF ""MANFRONE.""",3 vols (I 204p; II 205p; III 212p). 12&deg;,Corvey; CME 3-628-47867-7; EN2 1812: 53; xNSTC; xOCLC
1069,20100817,1813A053,Mrs ROSS,1813,Female,?|potgoth|romance,"THE MARCHIONESS!!! OR, ""THE MATURED ENCHANTRESS."" IN THREE VOLUMES. BY LADY &#8211;&#8211;",3 vols (I 197p; II 224p; III 214p). 12&deg;,Corvey; CME 3-628-48083-3; ECB 367; EN2 1813: 52; NSTC R1705; OCLC 7027666
1111,20100817,1814A031,Laetitia-Matilda HAWKINS,1814,Female,?|potgoth|romance,"ROSANNE; OR, A FATHER'S LABOUR LOST. IN THREE VOLUMES. BY LAETITIA-MATILDA HAWKINS","3 vols (I xii, 352p; II 366p; III 370p). 8&deg;",Corvey; CME 3-628-47542-2; ECB 259; EN2 1814: 29; NSTC H991; OCLC 2174684
1143,20100817,1814A063,Anna Maria WESTON,1814,Female,?|potgoth|romance,"PLEASURE AND PAIN, OR THE FATE OF ELLEN; A NOVEL. IN THREE VOLUMES. BY ANNA MARIA WESTON",3 vols (I 236p; II 236p; III 244p). 12&deg;,BL 12604.h.12; ECB 631; EN2 1814: 61; NSTC W1416; xOCLC
1188,20100817,1815A045,Catherine SMITH,1815,Female,?|potgoth|romance,"BAROZZI; OR THE VENETIAN SORCERESS. A ROMANCE OF THE SIXTEENTH CENTURY. IN TWO VOLUMES. BY MRS. SMITH, AUTHOR OF THE CALEDONIAN BANDIT, &C. &C",2 vols (I 229p; II 241p). 12&deg;,Corvey; CME 3-628-48758-7; ECB 544; EN2 1815: 47; NSTC S2362; OCLC 7089622
1303,20100817,1817A048,Anna Maria PORTER,1817,Female,?|potgoth|romance,"THE KNIGHT OF ST. JOHN, A ROMANCE, BY MISS ANNA MARIA PORTER, AUTHOR OF ""THE RECLUSE OF NORWAY,"" &C. &C. &C. IN THREE VOLUMES",3 vols (I 333p; II 302p; III 354p). 12&deg;,Corvey; CME 3-628-48301-8; ECB 463; EN2 1817: 48; NSTC 2P22253; OCLC 1336923
1537,20100817,1821A022,Margaret CAMPBELL,1821,Female,?|potgoth|romance,THE MIDNIGHT WANDERER; OR A LEGEND OF THE HOUSES OF ALTENBERG AND LINDENDORF. A ROMANCE. IN FOUR VOLUMES. BY MARGARET CAMPBELL,4 vols (I 227p; II 224p; III 222p; IV 257p). 12&deg;,Corvey; CME 3-628-47209-1; ECB 95; EN2 1821: 25; NSTC 2C4895; OCLC 6656096
1557,20100817,1821A042,Laetitia-Matilda HAWKINS,1821,Female,?|potgoth|romance,"HERALINE; OR, OPPOSITE PROCEEDINGS. BY LAETITIA-MATILDA HAWKINS. IN FOUR VOLUMES","4 vols (I iv, 362p; II 362p; III 349p; IV 408p). 12&deg;",BL 12613.bbb.21; ECB 259; EN2 1821: 44; NSTC 2H13208; OCLC 9673514
1558,20100817,1821A043,"Miss C. D. HAYNES [afterwards GOLLAND, Mrs C. D.]",1821,Female,?|potgoth|romance,"ELEANOR; OR, THE SPECTRE OF ST. MICHAEL'S. A ROMANTIC TALE. IN FIVE VOLUMES. BY MISS C. D. HAYNES, AUTHOR OF CASTLE LE BLANC; FOUNDLING OF DEVONSHIRE; AUGUSTUS AND ADELINA, &C. &C",5 vols (I 276p; II 257p; III 259p; IV 246p; V 278p). 12&deg;,Corvey; CME 3-628-47716-6; ECB 260; EN2 1821: 45; NSTC 2H14180; xOCLC
1652,20100817,1822A062,Anna Maria PORTER,1822,Female,?|potgoth|romance,"ROCHE-BLANCHE; OR, THE HUNTERS OF THE PYRENEES. A ROMANCE. BY MISS ANNA MARIA PORTER, AUTHOR OF ""THE VILLAGE OF MARIENDORPT,"" &C. IN THREE VOLUMES","3 vols (I xi, 374p; II 419p; III 568p). 12&deg;",Corvey; CME 3-628-48303-4; ECB 463; EN2 1822: 62; NSTC 2P22258; OCLC 6976739
1755,20100817,1823A083,Catherine George WARD,1823,Female,?|potgoth|romance,"THE MYSTERIES OF ST. CLAIR; OR, MARIETTE MOULINE. BY MRS. CATHERINE G. WARD, AUTHORESS OF THE FOLLOWING POPULAR NOVELS, VIZ. THE MYSTERIOUS MARRIAGE&#8212;THE ROSE OF CLAREMONT&#8212;ORPHAN BOY&#8212;THE THORN&#8212;FAMILY PORTRAITS&#8212;COTTAGE ON THE CLIFF&#8212;WIDOW'S CHOICE, &C","1 vol.  (624p, ill.). 8&deg;",NjP 3850.64.366; EN2 1823: 83; xNSTC; OCLC 41966436
1805,20100817,1824A046,Laetitia-Matilda HAWKINS,1824,Female,?|potgoth|romance,"ANNALINE; OR, MOTIVE-HUNTING",3 vols (I 346p; II 307p; III 310p). 8&deg;,Corvey; CME 3-628-47061-7; ECB 20; EN2 1824: 46; NSTC 2H13207; OCLC 29106589
1935,20100817,1825A077,Louisa Sidney STANHOPE,1825,Female,?|potgoth|romance,"RUNNEMEDE. AN ANCIENT LEGEND. IN THREE VOLUMES. BY LOUISA SIDNEY STANHOPE, AUTHOR OF THE BANDIT'S BRIDE; THE CRUSADERS; THE SIEGE OF KENILWORTH; FESTIVAL OF MORA; AGE WE LIVE IN, &C. &C","3 vols (I vi, 282p; II 292p; III 274p). 12&deg;",Corvey; CME 3-628-48779-X; ECB 558; EN2 1825: 76; NSTC 2S36112; OCLC 40458930
2094,20100817,1827A068,Louisa Sidney STANHOPE,1827,Female,?|potgoth|romance,"THE SEER OF TIVIOTDALE. A ROMANCE. IN FOUR VOLUMES. BY LOUISA SIDNEY STANHOPE, AUTHOR OF THE BANDIT'S BRIDE, THE CRUSADERS, THE FESTIVAL OF MORA, RUNNEMEDE, AGE WE LIVE IN, DI MONTRANZO, SIEGE OF KENILWORTH, CONFESSIONAL OF VALOMBRE, &C","4 vols (I iii, 312p; II 300p; III 295p; IV 270p). 12&deg;",Corvey; CME 3-628-48780-3; ECB 558; EN2 1827: 67; NSTC 2S36113; OCLC 48262637
577,20100817,1807A058,Catherine SMITH,1807,Female,?|pregoth,"THE MISANTHROPE FATHER; OR, THE GUARDED SECRET: A NOVEL, IN THREE VOLUMES. BY MISS SMITH","3 vols (I iii, 246p; II 255p; III 258p). 12&deg;",BL 12614.aa.25; ECB 544; EN2 1807: 60; NSTC S2363; xOCLC
1580,20100817,1821A065,Charlotte SMITH,1821,Female,?|pregoth,THE REPUBLICAN'S MISTRESS; A NOVEL FOUNDED UPON FACTS. BY CHARLOTTE SMITH. IN THREE VOLUMES,3 vols (I 286p; II 287p; III 345p). 12&deg;,Corvey; CME 3-628-48661-0; ECB 544; EN2 1821: 66; NSTC 2S25620; OCLC 7071452
249,20100817,1803A032,Elisabeth GU&#201;NARD,1803,Female,?|monk,THE THREE MONKS!!! FROM THE FRENCH. BY H. J. SARRETT. IN TWO VOLUMES,2 vols (I 191p; II 204p). 12&deg;,Corvey; CME 3-628-48526-6; ECB 590; EN2 1803: 32; NSTC G2326; xOCLC
349,20100817,1804A053,Henrietta Rouviere MOSSE,1804,Female,?|monk,LUSSINGTON ABBEY. A NOVEL. IN TWO VOLUMES. BY HENRIETTA ROUVIERE,"2 vols (I iv, 347p; II 308p). 12&deg;",Corvey; CME 3-628-48348-4; EN2 1804: 51; xNSTC; OCLC 47127660
422,20100817,1805A051,Alethea Brereton LEWIS,1805,Female,?|monk,"THE NUNS OF THE DESERT; OR, THE WOODLAND WITCHES. IN TWO VOLUMES. BY EUGENIA DE ACTON. AUTHOR OF ESSAYS ON THE ART OF BEING HAPPY; A TALE WITHOUT TITLE, &C","2 vols (I xii, 319p; II 296p). 12&deg;",Corvey; CME 3-628-47007-2; ECB 3; EN2 1805: 50; xNSTC; OCLC 46775922
913,20100817,1811A044,Caroline HORWOOD,1811,Female,?|monk,"ST. OSTBERG, OR THE CARMELITE MONK. A ROMANCE. IN FOUR VOLUMES",4 vols (I 212p; II 212p; III 212p; IV 224p). 12&deg;,Corvey; CME 3-628-47215-6; EN2 1811: 44; xNSTC; xOCLC
1241,20100817,1816A045,Henrietta Rouviere MOSSE,1816,Female,?|monk,"CRAIGH-MELROSE PRIORY; OR, MEMOIRS OF THE MOUNT LINTON FAMILY. A NOVEL. IN FOUR VOLUMES","4 vols (I vii, 347p; II 307p; III 332p; IV 311p). 12&deg;",Corvey; CME 3-628-47347-0; EN2 1816: 45; NSTC 2C41946; OCLC 19877149
1413,20100817,1819A041,"Miss C. D. HAYNES [afterwards GOLLAND, Mrs C. D.]",1819,Female,?|monk,"AUGUSTUS & ADELINA; OR, THE MONK OF ST. BARNARDINE. A ROMANCE. IN FOUR VOLUMES. BY MISS C. D. HAYNES, AUTHOR OF THE FOUNDLING OF DEVONSHIRE, CASTLE OF LE BLANC, &C",4 vols (I 220p; II 247p; III 240p; IV 217p). 12&deg;,Corvey; CME 3-628-47641-0; ECB 260; EN2 1819: 41; NSTC 2H14179; xOCLC
388,20100817,1805A017,Mrs BURKE,1805,Female,?|myst,"THE SECRET OF THE CAVERN. A NOVEL. IN TWO VOLUMES. BY MRS. BURKE, AUTHOR OF THE SORROWS OF EDITH, ELLIOTT, &C",2 vols (I 221p; II 244p). 12&deg;,Corvey; CME 3-628-47172-9; ECB 85; EN2 1805: 17; NSTC B5594; xOCLC
432,20100817,1805A061,Mary PILKINGTON,1805,Female,?|myst,"CRIMES AND CHARACTERS; OR, THE NEW FOUNDLING. IN THREE VOLUMES. BY MRS. PILKINGTON, AUTHOR OF PARENTAL DUPLICITY, &C. &C",3 vols (I 240p; II 256p; III 248p). 12&deg;,Corvey; CME 3-628-48442-1; ECB 450; EN2 1805: 60; NSTC P1762; OCLC 10418898
1110,20100817,1814A030,Anne Julia Kemble HATTON,1814,Female,?|myst,"CONVICTION; OR, SHE IS INNOCENT! A NOVEL. IN FIVE VOLUMES. BY ANN OF SWANSEA, AUTHOR OF CAMBRIAN PICTURES; SICILIAN MYSTERIES, &C. &C",5 vols (I 238p; II 260p; III 239p; IV 246p; V 266p). 12&deg;,Corvey; CME 3-628-48744-7; ECB 133; EN2 1814: 28; NSTC A1351; xOCLC
210,20100817,1802A054,Miss PILKINGTON,1802,Female,?|ghost,"THE ACCUSING SPIRIT, OR DE COURCY AND EGLANTINE. A ROMANCE. IN FOUR VOLUMES. BY THE AUTHOR OF DELIA, ROSINA, AND THE SUBTERRANEAN CAVERN","4 vols (I 295p, ill.; II 276p; III 292p; IV 304p). 12&deg;",Corvey; CME 3-628-47004-8; ECB 3; EN2 1802: 54; NSTC B4627; OCLC 6972983
464,20100817,1806A017,Anna Maria BENNETT,1806,Female,?|ghost,"VICISSITUDES ABROAD; OR, THE GHOST OF MY FATHER. A NOVEL. IN SIX VOLUMES. BY MRS. BENNETT, AUTHOR OF ANNA; JUVENILE INDISCRETIONS; AGNES DE COURCI; ELLEN; BEGGAR GIRL, &C","6 vols (I vi, 308p; II 340p; III 323p; IV 355p; V 316p; VI 384p). 12&deg;",Corvey; CME 3-628-47253-9; ECB 50; EN2 1806: 18; NSTC B1579; OCLC 6652683
143,20100817,1801A061,Caroline E. RICHARDSON,1801,Female,?|goth,"ADONIA, A DESULTORY STORY, IN FOUR VOLUMES. INSCRIBED, BY PERMISSION, TO HER GRACE THE DUCHESS OF BUCCLEUGH","4 vols (I 3, 300p; II 295p; III 343p; IV 372p). 12&deg;",BL 12614.cc.15; ECB 6; EN2 1801: 59; NSTC A479; OCLC 13275726
2077,20100817,1827A051,Jane C. LOUDON,1827,Female,?|goth,THE MUMMY! A TALE OF THE TWENTY-SECOND CENTURY. IN THREE VOLUMES,"3 vols (I viii, 300p; II 348p; III 303p). 12&deg;","BL N.458,459; ECB 400; EN2 1827: 50; NSTC 2W10092; OCLC 11547265"